<?xml version="1.0" encoding="UTF-8"?>
<project-private xmlns="http://www.netbeans.org/ns/project-private/1">
    <editor-bookmarks xmlns="http://www.netbeans.org/ns/editor-bookmarks/2" lastBookmarkId="0"/>
    <open-files xmlns="http://www.netbeans.org/ns/projectui-open-files/2">
        <group>
            <file>file:/C:/Users/zacha/OneDrive/Documents/NetBeansProjects/4QA_EnrolmentSystem_NoguerasZach_Python/src/pkg4qa_enrolmentsystem_nogueraszach_python/OralCommForm1.java</file>
            <file>file:/C:/Users/zacha/OneDrive/Documents/NetBeansProjects/4QA_EnrolmentSystem_NoguerasZach_Python/src/pkg4qa_enrolmentsystem_nogueraszach_python/AdminPanel.java</file>
            <file>file:/C:/Users/zacha/OneDrive/Documents/NetBeansProjects/4QA_EnrolmentSystem_NoguerasZach_Python/src/pkg4qa_enrolmentsystem_nogueraszach_python/ProgrammingForm1.java</file>
            <file>file:/C:/Users/zacha/OneDrive/Documents/NetBeansProjects/4QA_EnrolmentSystem_NoguerasZach_Python/src/pkg4qa_enrolmentsystem_nogueraszach_python/WebDevForm1.java</file>
            <file>file:/C:/Users/zacha/OneDrive/Documents/NetBeansProjects/4QA_EnrolmentSystem_NoguerasZach_Python/src/pkg4qa_enrolmentsystem_nogueraszach_python/EnglishForm1.java</file>
            <file>file:/C:/Users/zacha/OneDrive/Documents/NetBeansProjects/4QA_EnrolmentSystem_NoguerasZach_Python/src/pkg4qa_enrolmentsystem_nogueraszach_python/RegisterAccount.java</file>
            <file>file:/C:/Users/zacha/OneDrive/Documents/NetBeansProjects/4QA_EnrolmentSystem_NoguerasZach_Python/src/pkg4qa_enrolmentsystem_nogueraszach_python/LogInForm.java</file>
            <file>file:/C:/Users/zacha/OneDrive/Documents/NetBeansProjects/4QA_EnrolmentSystem_NoguerasZach_Python/src/pkg4qa_enrolmentsystem_nogueraszach_python/PEForm1.java</file>
            <file>file:/C:/Users/zacha/OneDrive/Documents/NetBeansProjects/4QA_EnrolmentSystem_NoguerasZach_Python/src/pkg4qa_enrolmentsystem_nogueraszach_python/EnrollSubjectForm.java</file>
            <file>file:/C:/Users/zacha/OneDrive/Documents/NetBeansProjects/4QA_EnrolmentSystem_NoguerasZach_Python/src/pkg4qa_enrolmentsystem_nogueraszach_python/AdminLogInForm.java</file>
            <file>file:/C:/Users/zacha/OneDrive/Documents/NetBeansProjects/4QA_EnrolmentSystem_NoguerasZach_Python/src/pkg4qa_enrolmentsystem_nogueraszach_python/CPARForm1.java</file>
            <file>file:/C:/Users/zacha/OneDrive/Documents/NetBeansProjects/4QA_EnrolmentSystem_NoguerasZach_Python/src/pkg4qa_enrolmentsystem_nogueraszach_python/FilipinoForm1.java</file>
            <file>file:/C:/Users/zacha/OneDrive/Documents/NetBeansProjects/4QA_EnrolmentSystem_NoguerasZach_Python/src/pkg4qa_enrolmentsystem_nogueraszach_python/LobbyES.java</file>
            <file>file:/C:/Users/zacha/OneDrive/Documents/NetBeansProjects/4QA_EnrolmentSystem_NoguerasZach_Python/src/pkg4qa_enrolmentsystem_nogueraszach_python/UserProfileForm.java</file>
            <file>file:/C:/Users/zacha/OneDrive/Documents/NetBeansProjects/4QA_EnrolmentSystem_NoguerasZach_Python/src/pkg4qa_enrolmentsystem_nogueraszach_python/TeacherLogInForm.java</file>
            <file>file:/C:/Users/zacha/OneDrive/Documents/NetBeansProjects/4QA_EnrolmentSystem_NoguerasZach_Python/src/pkg4qa_enrolmentsystem_nogueraszach_python/RegistrarLogInForm.java</file>
            <file>file:/C:/Users/zacha/OneDrive/Documents/NetBeansProjects/4QA_EnrolmentSystem_NoguerasZach_Python/src/pkg4qa_enrolmentsystem_nogueraszach_python/MathForm.java</file>
            <file>file:/C:/Users/zacha/OneDrive/Documents/NetBeansProjects/4QA_EnrolmentSystem_NoguerasZach_Python/src/pkg4qa_enrolmentsystem_nogueraszach_python/PerDevForm1.java</file>
            <file>file:/C:/Users/zacha/OneDrive/Documents/NetBeansProjects/4QA_EnrolmentSystem_NoguerasZach_Python/src/pkg4qa_enrolmentsystem_nogueraszach_python/SignUpForm.java</file>
            <file>file:/C:/Users/zacha/OneDrive/Documents/NetBeansProjects/4QA_EnrolmentSystem_NoguerasZach_Python/src/pkg4qa_enrolmentsystem_nogueraszach_python/AppDevForm1.java</file>
            <file>file:/C:/Users/zacha/OneDrive/Documents/NetBeansProjects/4QA_EnrolmentSystem_NoguerasZach_Python/src/pkg4qa_enrolmentsystem_nogueraszach_python/ScienceForm1.java</file>
            <file>file:/C:/Users/zacha/OneDrive/Documents/NetBeansProjects/4QA_EnrolmentSystem_NoguerasZach_Python/src/pkg4qa_enrolmentsystem_nogueraszach_python/Main.java</file>
            <file>file:/C:/Users/zacha/OneDrive/Documents/NetBeansProjects/4QA_EnrolmentSystem_NoguerasZach_Python/src/pkg4qa_enrolmentsystem_nogueraszach_python/UserData.java</file>
        </group>
    </open-files>
</project-private>
